评论内容,评论IP,喜欢数,时间戳,用户信息,艾特的人,评论ID,已喜欢,标签,状态,帖子ID
"
olay小白瓶用了好几瓶了，真的肉眼能看到明显退黄，淡斑效果显著，保湿也够。真的可以冲！",四川,3,1740110578000,超级molly,,67b7faf1000000001601a49d,false,"is_author,user_top",4,67a87abf000000001701f12d
宝宝谁带呀～？婆婆妈妈还是育儿嫂,海南,0,1741625092000,煜煜爱运动爱洗澡,,67cf1703000000001703ab2b,false,,0,67a87abf000000001701f12d
姐妹掉头发有缓解不？,,0,1739100593000,暴躁的柚子,,67a891b1000000001802ce54,false,,0,67a87abf000000001701f12d
宝淡斑有效果吗[皱眉R],上海,0,1739509184000,一大只Sharon,,67aecdc0000000001c00a9c1,false,,3,67a87abf000000001701f12d
素颜爱了,,0,1739266402000,林林Blue,,67ab19610000000016018b96,false,,0,67a87abf000000001701f12d
做好这些肯定有效果的[飞吻R],,0,1739157015000,昭昭,,67a96e160000000016034245,false,,3,67a87abf000000001701f12d
熬夜掉发有什么推荐嘛[哭惹R],,0,1739156960000,煤球睡不着,,67a96de0000000001901528b,false,,0,67a87abf000000001701f12d
哇哇哇好美,,0,1739156959000,耶耶喜欢小豆包,,67a96dde00000000180332fd,false,,0,67a87abf000000001701f12d
产后怎样才能快速恢复身材,,0,1739156852000,小柯在水贝,,67a96d74000000001801ce5c,false,,0,67a87abf000000001701f12d
olay小白瓶哪里买的,,0,1739156224000,小桃兔兔,,67a96b000000000017003dfe,false,,3,67a87abf000000001701f12d
